"Conc. mM", "slope",            "slope_err"
1.0,         1.13750000011209,     0.02322572973541782  
1.9,         2.0494047619070512,   0.02709368795428241   
4.6,         3.986309523816037,    0.1040762077699688    
6.4,         5.283333333342676,    0.041347987458851466   
10.0,        6.7946428571554955,   0.1416497839159549   
13.6,        6.9732142857273125,   0.1214147113351682    