"Conc. mM", "slope",            "slope_err"
2.8,         5.560714285724233,     0.135842148887475
4.6,         8.375595238111325,     0.0890310525140893
6.4,         9.786904762052185,     0.12396872357844821
9.1,        12.40416666676487,      0.1752183537820531
17.9,       15.639285714317644,     0.2244718544177601
26.9,       18.582738096808722,     0.23020854046047423